title,categories,note
Astérix et Obélix : L'Empire du milieu,"Aventure, Comédie","2,4"
Alibi.com 2,Comédie,"2,9"
Ant-Man et la Guêpe : Quantumania,"Action, Aventure, Science fiction","2,4"
Sacrées momies,"Animation, Famille, Comédie, Aventure","3,7"
Pattie et la colère de Poséidon,"Animation, Aventure, Fantastique, Famille","2,9"
Un homme heureux,Comédie,"3,1"
Maurice le chat fabuleux,"Animation, Fantastique, Aventure, Famille","3,5"
The Fabelmans,"Biopic, Drame","4,9"
Les Choses simples,Comédie,"2,7"
"Zodi et Téhu, frères du désert","Comédie, Aventure, Famille","2,6"
Avatar : la voie de l'eau,"Science fiction, Aventure, Fantastique, Action","4,1"
Titanic,"Drame, Romance","4,9"
Babylon,"Historique, Drame","4,0"
Le Chat Potté 2 : la dernière quête,"Animation, Comédie, Aventure, Famille","3,1"
Juste ciel !,Comédie,"1,8"
Tár,"Drame, Musical","4,2"
La Grande magie,Comédie dramatique,"3,0"
Les Têtes givrées,Comédie dramatique,"3,0"
La Famille Asada,Comédie,"3,8"
À la belle étoile,"Comédie, Drame","2,9"
Marlowe,"Thriller, Policier","2,5"
Knock at the Cabin,"Thriller, Epouvante-horreur","3,3"
L'Astronaute,Comédie dramatique,"3,5"
Divertimento,"Drame, Biopic","3,0"
Vaincre ou mourir,"Historique, Action","1,3"
Titina,"Animation, Aventure, Famille","3,6"
Arrête avec tes mensonges,Drame,"3,0"
La Femme de Tchaïkovski,"Drame, Biopic","3,9"
Interdit aux chiens et aux Italiens,Animation,"3,9"
Le Grand cirque,Comédie,"3,0"
Dounia et la princesse d’Alep,"Animation, Fantastique, Aventure","3,7"
Piro Piro,"Animation, Famille","3,3"
La Montagne,"Drame, Fantastique","3,9"
Missing : Disparition inquiètante,"Thriller, Drame","2,2"
Les Gardiennes de la planète,"Documentaire, Famille","3,4"
Pour la France,Drame,"3,9"
Aftersun,Drame,"4,0"
Un petit Miracle,Comédie,"2,8"
Pompon Ours,"Animation, Famille","2,9"
Mayday,"Action, Thriller","3,3"
Le Retour des hirondelles,Drame,"4,1"
Le Pire voisin au monde,"Comédie dramatique, Drame, Comédie","2,6"
Emmett Till,"Biopic, Drame","3,1"
Louise et la Légende du Serpent à Plumes,"Animation, Aventure, Famille","2,9"
Retour à Séoul,Drame,"3,6"
Le Nid du Tigre,"Aventure, Famille","2,7"
Un petit frère,Drame,"3,5"
Nos soleils,Drame,"3,9"
Tirailleurs,"Drame, Historique, Guerre","3,3"
L'Immensita,Drame,"3,2"
Projet Wolf Hunting,"Epouvante-horreur, Action","2,9"
Youssef Salem a du succès,Comédie,"3,6"
Le Marchand de sable,Drame,"3,5"
Petites,Drame,"3,4"
La Guerre des Lulus,"Aventure, Famille, Historique","2,8"
Les Banshees d'Inisherin,"Drame, Comédie","3,8"
"La Romancière, le film et le heureux hasard","Comédie dramatique, Drame, Comédie","3,8"
Ernest et Célestine : le voyage en Charabie,"Animation, Famille","3,7"
Neneh Superstar,"Comédie dramatique, Drame, Comédie","2,9"
Pat et Mat en hiver,"Animation, Famille","3,3"
Chevalier Noir,Drame,"3,5"
L'Innocent,Comédie,"4,1"
Nostalgia,Drame,"3,6"
Le Secret des Perlims,"Animation, Famille, Aventure","3,4"
Inséparables,"Animation, Famille","3,6"
La Nuit du 12,"Thriller, Policier","4,4"
Le Clan,Comédie,"3,3"
"Ashkal, l'enquête de Tunis",Thriller,"3,7"
L'Homme le plus heureux du monde,"Drame, Romance","3,1"
Joyland,"Drame, Romance","3,9"
Vive le vent d'hiver,"Animation, Famille","2,8"
La Tour,"Drame, Fantastique, Epouvante-horreur","2,8"
Creed - L'Héritage de Rocky Balboa,Drame,"3,6"
Tu choisiras la vie,Drame,"2,9"
Tant que le soleil frappe,Drame,"2,9"
Les Huit Montagnes,Drame,"3,0"
Les Cyclades,Comédie,"3,1"
La Reine des neiges II,"Animation, Musical","3,3"
Moi quand je me réincarne en Slime - Le film : Scarlet Bond,"Animation, Aventure, Fantastique","3,5"
Le Tigre qui s'invita pour le thé,"Animation, Famille","4,0"
Tel Aviv – Beyrouth,Drame,"3,1"
Ma vache et moi,"Comédie, Western","3,7"
Samouraï Academy,"Animation, Comédie, Arts Martiaux, Famille","3,1"
Icare,Animation,"3,7"
Creed II,"Drame, Action","2,9"
"Le Pharaon, le Sauvage et la princesse",Animation,"3,7"
Pacifiction - Tourment sur les îles,"Drame, Espionnage","4,0"
Goodbye,"Animation, Action, Aventure","3,2"
Le Piège de Huda,"Thriller, Espionnage","2,8"
Godland,Drame,"4,0"
Tempête,"Comédie dramatique, Famille, Drame, Comédie","3,0"
Comedy Queen,"Comédie, Drame","3,0"
Un hérisson dans la neige,"Animation, Famille","3,7"
Le Petit Nicolas - Qu’est-ce qu’on attend pour être heureux ?,"Animation, Famille, Comédie, Aventure","3,9"
Pulse,"Thriller, Drame","2,7"
Sois belle et tais-toi !,Documentaire,"3,9"
Vivre,Drame,"3,7"
En corps,"Comédie dramatique, Drame, Comédie","3,4"
Slava Ukraini,Documentaire,"2,5"
Selfiee,"Comédie dramatique, Action, Bollywood","2,8"
Domingo et la brume,"Drame, Fantastique","3,1"
Chœur de Rockers,"Comédie, Musical","3,3"
Astrakan,Drame,"3,4"
Animals,"Drame, Policier","2,1"
Brillantes,Comédie dramatique,"2,9"
Radio Metronom,Drame,"3,6"
Traces,Drame,"3,5"
L'Envol,"Drame, Historique, Romance","3,2"
La Petite Bande,Comédie,"3,4"
Jet Lag,Documentaire,"3,5"
L'école du bout du monde,"Aventure, Drame, Famille","3,5"
Gran Torino,"Drame, Thriller","4,7"
Caravage,"Biopic, Historique","3,1"
Les Survivants,Thriller,"3,5"
La chance sourit à madame Nikuko,"Animation, Drame","4,0"
"Simone, le voyage du siècle",Biopic,"3,1"
Les Secrets de mon père,Animation,"3,3"
Professeur Yamamoto part à la retraite,Documentaire,"4,0"
Amore Mio,Drame,"2,9"
Last Dance,Documentaire,"3,7"
Maîtres,Documentaire,"3,3"
Terrifier 2,Epouvante-horreur,"3,1"
Le Tourbillon de la vie,Drame,"3,3"
As bestas,"Thriller, Drame","4,2"
Ghost Therapy,Comédie,"3,3"
16 ans,"Drame, Romance","3,2"
Pingu,"Animation, Famille","3,5"
Etugen,Documentaire,"2,3"
Lucie perd son cheval,Comédie dramatique,"3,1"
L'Emprise du démon,Epouvante-horreur,"1,7"
Nazar,Drame,"3,8"
La Conspiration du Caire,Thriller,"3,8"
Vaathi (Sir),"Action, Drame","2,7"
Lumière,"Drame, Romance","3,6"
Les Rascals,Drame,"3,4"
Reste un peu,Comédie,"3,7"
Yuku et la fleur de l’Himalaya,"Animation, Famille, Comédie musicale","3,9"
Pandora,"Drame, Romance","5,0"
Les Pires,Comédie dramatique,"3,9"
Earwig,Drame,"3,6"
Les Cadors,Comédie dramatique,"3,0"
Black Panther: Wakanda Forever,"Action, Aventure, Fantastique","2,9"
M3GAN,"Epouvante-horreur, Thriller","2,9"
Duvidha (Le Dilemme),"Drame, Romance, Fantastique","4,1"
Les Bonnes étoiles,Drame,"3,7"
Le Salon de musique,"Drame, Bollywood","4,0"
Le Procès,Drame,"5,0"
La Nuit des morts-vivants,Epouvante-horreur,"4,8"
Cet été-là,"Comédie, Drame","3,3"
Le Chant des vivants,Documentaire,"3,6"
Des garçons de province,Romance,"3,3"
L'Adolescente,Drame,"2,9"
Lillian Gish,Documentaire,"3,1"
Le Petit Piaf,"Comédie dramatique, Musical","2,1"
Le Voleur,"Comédie dramatique, Policier","5,0"
Autour de minuit,"Comédie dramatique, Musical","3,7"
E.T. l'extra-terrestre,"Science fiction, Famille, Aventure","4,8"
Grand marin,Drame,"3,3"
Le Tigre et les animaux de la forêt,Animation,"3,0"
Mission régénération,Documentaire,"3,1"
Les Miens,Drame,"3,6"
Un jour avant la saison des pluies,Drame,"3,9"
Les Amants,Drame,"4,8"
Théorème,Drame,"3,4"
Whitney Houston : I Wanna Dance With Somebody,"Biopic, Musical","2,5"
Le Grand Bleu,"Aventure, Drame, Romance","4,6"
Rewind And Play,Documentaire,"3,6"
Grosse colère et fantaisies,"Animation, Famille","3,7"
Couleurs de l'incendie,"Historique, Drame","3,3"
La (Très) grande évasion,Documentaire,"3,4"
Le Quatuor à cornes Là-haut sur la montagne,Animation,"3,3"
Les Amandiers,Comédie dramatique,"4,0"
Heureux les fêlés,Comédie dramatique,"3,9"
Lost Highway,"Fantastique, Drame","3,9"
Wallace & Gromit : Les Inventuriers,Animation,"4,1"
Mulholland Drive,"Fantastique, Thriller, Drame","4,7"
Pathaan,"Action, Policier, Thriller, Drame","3,6"
Le Feu Follet,Drame,"5,0"
Seuls les pirates,Drame,"3,4"
Suzhou River,Drame,"3,8"
F for Fake,Documentaire,"3,8"
Lilo & Stitch,"Animation, Aventure, Comédie, Famille, Science fiction","3,7"
Laura,"Policier, Romance, Thriller","4,5"
La Chouette en toque,Animation,"3,8"
Falcon Lake,"Comédie dramatique, Romance","3,8"
Natural Light,Drame,"3,4"
"Roland Gori, une époque sans esprit",Documentaire,"3,9"
Unicorn Wars,"Animation, Fantastique, Aventure","3,4"
Tenue de soirée,"Comédie dramatique, Comédie, Drame","3,6"
Enzo le Croco,"Famille, Musical, Comédie","2,6"
L'Ours,"Aventure, Drame, Famille","3,9"
Au revoir le bonheur,Comédie,"2,9"
Le Royaume des étoiles,"Animation, Famille, Aventure","2,8"
L'Etrange histoire du coupeur de bois,Comédie dramatique,"3,0"
Un conte peut en cacher un autre,Animation,"3,6"
L'Horloger de Saint-Paul,Drame,"3,4"
La Ligne,Drame,"3,4"
Les Trois brigands,Animation,"4,1"
Brazil,"Science fiction, Drame","5,0"
Whiplash,"Drame, Musical","4,1"
Le Carnaval de la petite taupe,"Animation, Famille","3,4"
Bakasuran,"Drame,  Action","2,8"
Viva Maria!,"Comédie, Western, Aventure, Romance","4,7"
Eternal Sunshine of the Spotless Mind,"Science fiction, Drame, Comédie","4,0"
12 hommes en colère,Drame,"5,0"
Cinema Paradiso,Comédie dramatique,"3,2"
Big Guns - Les Grands fusils,"Thriller, Drame","2,5"
The Novice,"Drame, Thriller","3,2"
Nos frangins,"Biopic, Drame","3,4"
Uski Roti,Drame,"4,1"
